Icon,ActorName,Euen name,Recipe nÂ°,SellingPrice,BuyingPrice,HitPointRecover,EffectType,EffectiveTime,EffectLevel,AdditionalSubType//0,AdditionalSubType//1,AdditionalSubType//2,AttachParamLSword_//RotateOffset,AttachParamLSword_//TransOffset,AttachParamShield//RotateOffset,AttachParamShield//TransOffset,AttachParamSpear_//RotateOffset,AttachParamSpear_//TransOffset,AttachParamSword_//RotateOffset,AttachParamSword_//TransOffset,AttachRotateOffsetArrow//X,AttachRotateOffsetArrow//Y,AttachRotateOffsetArrow//Z,AttachTransOffsetArrow//X,AttachTransOffsetArrow//Y,AttachTransOffsetArrow//Z,IsOverrideDamageAttribute,ReplacementActorName,RequestDeathOnHit,CreatingPrice,SaleRevivalCount,AttachParamLSword_//BoneName,AttachParamLSword_//IsValid,AttachParamLSword_//Scale,AttachParamShield//Scale,AttachParamSpear_//BoneName,AttachParamSpear_//IsValid,AttachParamSpear_//Scale,AttachParamSword_//BoneName,AttachParamSword_//IsValid,AttachParamSword_//Scale,IsEditAttachParamForArrow,AttachParamLSword_//ExScale,AttachParamLSword_//UseExScale,AttachParamShield//ExScale,AttachParamShield//UseExScale,AttachParamSpear_//ExScale,AttachParamSpear_//UseExScale,AttachParamSword_//ExScale,AttachParamSword_//UseExScale,AdditionalDamage,BlackboardTableRef,AttachParamShield//BoneName,AttachParamShield//IsValid,AdditionalSubType//3,AdditionalSubType//4,Color,OffsetPatternForLeftHand
,Item_Roast_03,Baked Apple,147,3,8,3,None,0,0,Blunt,ShieldSurfingslipperinessDown,,"(0.0, 0.0, 0.0)","(2.267361014673952e-05, 0.0949999988079071, 9.98377799987793e-06)","(-85.0, -5.0, 0.0)","(0.0, 0.07999999821186066, 0.0)","(0.0, 0.0, 0.0)","(0.0, 0.0949999988079071, 0.0)","(0.0, 0.0, 0.0)","(0.0, 0.0949999988079071, 0.0)",0,0,0,0,0,2,FALSE,,,-1,-1,Bind_A,TRUE,"(0.800000011920929, 0.800000011920929, 0.800000011920929)","(0.800000011920929, 0.800000011920929, 0.800000011920929)",Bind_A,TRUE,"(0.800000011920929, 0.800000011920929, 0.800000011920929)",Bind_A,TRUE,"(0.800000011920929, 0.800000011920929, 0.800000011920929)",TRUE,,,,,,,,,,,Bind_A,TRUE,,,,
,Item_Roast_59,Baked Golden Apple,148,8,20,9,None,0,0,Blunt,ShieldSurfingslipperinessDown,,"(0.0, 0.0, 0.0)","(2.267361014673952e-05, 0.0949999988079071, 9.98377799987793e-06)","(-85.0, -5.0, 0.0)","(0.0, 0.07999999821186066, 0.0)","(0.0, 0.0, 0.0)","(0.0, 0.0949999988079071, 0.0)","(5.0, -180.0, -5.0)","(0.0, 0.0949999988079071, 0.0)",0,0,0,0,0,2,FALSE,,,-1,-1,Bind_A,TRUE,"(0.800000011920929, 0.800000011920929, 0.800000011920929)","(0.800000011920929, 0.800000011920929, 0.800000011920929)",Bind_A,TRUE,"(0.800000011920929, 0.800000011920929, 0.800000011920929)",Bind_A,TRUE,"(0.800000011920929, 0.800000011920929, 0.800000011920929)",TRUE,,,,,,,,,,,Bind_A,TRUE,,,,
,Item_Roast_13,Charned Pepper,149,5,13,3,None,9000,0,Blunt,ShieldSurfingslipperinessDown,,"(0.0, 0.0, 0.0)","(0.009999999776482582, 0.0689999982714653, -0.0020000000949949026)","(-70.0, 0.0, 180.0)","(-0.00991145707666874, 0.055645011365413666, 0.013121250085532665)","(0.0, 90.0, 0.0)","(-0.0018929030047729611, 0.08394107222557068, -0.026371780782938004)","(0.0, 0.0, 0.0)","(0.009999999776482582, 0.0689999982714653, -0.0020000000949949026)",-10,-5,-35,0,0,"0,8934605122",FALSE,,,-1,-1,Bind_A,TRUE,"(0.800000011920929, 0.800000011920929, 0.800000011920929)","(0.800000011920929, 0.800000011920929, 0.800000011920929)",Bind_A,TRUE,"(0.800000011920929, 0.800000011920929, 0.800000011920929)",Bind_A,TRUE,"(0.800000011920929, 0.800000011920929, 0.800000011920929)",TRUE,,,,,,,,,,,Bind_A,TRUE,,,,
,Item_Roast_54,Roasted Hylian Tomato,150,6,15,6,None,0,0,Blunt,ShieldSurfingslipperinessDown,,"(0.0, 0.0, 0.0)","(0.0, 0.1599999964237213, 0.0)","(-71.06556701660156, -28.570980072021484, 195.81129455566406)","(0.0, 0.07999999821186066, 0.0)","(0.0, 0.0, 0.0)","(0.0, 0.15000000596046448, 0.0)","(0.0, 0.0, 0.0)","(0.0, 0.15000000596046448, 0.0)",0,0,0,0,0,2,FALSE,,,-1,-1,Bind_A,TRUE,"(0.800000011920929, 0.800000011920929, 0.800000011920929)","(0.800000011920929, 0.800000011920929, 0.800000011920929)",Bind_A,TRUE,"(0.800000011920929, 0.800000011920929, 0.800000011920929)",Bind_A,TRUE,"(0.800000011920929, 0.800000011920929, 0.800000011920929)",TRUE,,,,,,,,,,,Bind_A,TRUE,,,,
,Item_Roast_07,Roasted Wildberry,151,5,13,3,None,0,0,Blunt,ShieldSurfingslipperinessDown,,"(-8.020000457763672, -5.685999870300293, 168.7209930419922)","(0.004000000189989805, 0.11999999731779099, 0.010999999940395355)","(90.0, 0.0, 0.0)","(0.0, 0.07999999821186066, 0.0)","(-197.36700439453125, -32.14899826049805, -13.218999862670898)","(0.02800000086426735, 0.11900000274181366, -0.020999999716877937)","(-8.020000457763672, -5.685999870300293, 168.7209930419922)","(0.004000000189989805, 0.11999999731779099, 0.010999999940395355)",0,0,0,0,0,2,FALSE,,,-1,-1,Bind_A,TRUE,"(0.800000011920929, 0.800000011920929, 0.800000011920929)","(0.800000011920929, 0.800000011920929, 0.800000011920929)",Bind_A,TRUE,"(0.800000011920929, 0.800000011920929, 0.800000011920929)",Bind_A,TRUE,"(0.800000011920929, 0.800000011920929, 0.800000011920929)",TRUE,,,,,,,,,,,Bind_A,TRUE,,,,
,Item_Roast_08,Roasted Voltfruit,152,8,20,3,None,9000,0,Blunt,ShieldSurfingslipperinessDown,,"(0.0, 0.0, 0.0)","(0.0, 0.1599999964237213, 0.0)","(-100.20240020751953, -40.47645950317383, -201.7147979736328)","(0.0, 0.07999999821186066, 0.0)","(0.0, 0.0, 0.0)","(0.0, 0.15000000596046448, 0.0)","(0.0, 0.0, 0.0)","(0.0, 0.15000000596046448, 0.0)",0,0,0,0,0,2,FALSE,,,-1,-1,Bind_A,TRUE,"(0.800000011920929, 0.800000011920929, 0.800000011920929)","(0.800000011920929, 0.800000011920929, 0.800000011920929)",Bind_A,TRUE,"(0.800000011920929, 0.800000011920929, 0.800000011920929)",Bind_A,TRUE,"(0.800000011920929, 0.800000011920929, 0.800000011920929)",TRUE,,,,,,,,,,,Bind_A,TRUE,,,,
,Item_Roast_12,Roasted Hydromelon,153,8,20,3,None,9000,0,,,,"(5.0, 10.0, -25.97599983215332)","(0.0, 0.2199999988079071, 0.0)","(-78.43498992919922, 36.66463088989258, -26.68375015258789)","(0.0, 0.2206331044435501, 0.005722917150706053)","(75.38340759277344, 117.70909881591797, 68.07137298583984)","(0.0, 0.22145679593086243, 5.4502351534690206e-17)","(5.0, 10.0, -25.97599983215332)","(0.0, 0.2199999988079071, 0.0)","204,8096008","-25,58691025","-235,0953064","-0,02944568917",0,"1,023834944",,,,-1,-1,Bind_A,TRUE,"(0.800000011920929, 0.800000011920929, 0.800000011920929)","(0.800000011920929, 0.800000011920929, 0.800000011920929)",Bind_A,TRUE,"(0.800000011920929, 0.800000011920929, 0.800000011920929)",Bind_A,TRUE,"(0.800000011920929, 0.800000011920929, 0.800000011920929)",TRUE,,,,,,,,,,,Bind_A,TRUE,,,,
,Item_Roast_10,Baked Palm Fruit,154,6,15,6,None,9000,0,,,,"(-18.49799919128418, 16.61199951171875, -30.426000595092773)","(-0.006000000052154064, 0.23199999332427979, -0.0020000000949949026)","(-73.80375671386719, 32.39646911621094, -2.528430938720703)","(0.011059110052883625, 0.2052302062511444, -0.034952808171510696)","(45.54610824584961, 124.27999877929688, 59.497161865234375)","(-0.006000000052154064, 0.24677960574626923, -0.0020000000949949026)","(-18.49799919128418, 16.61199951171875, -30.426000595092773)","(-0.006000000052154064, 0.23199999332427979, -0.0020000000949949026)","-157,5991974","13,80280972","115,8918991","0,02591913939","0,02833102085","0,9988858104",TRUE,,,-1,-1,Bind_A,TRUE,"(0.800000011920929, 0.800000011920929, 0.800000011920929)","(0.800000011920929, 0.800000011920929, 0.800000011920929)",Bind_A,TRUE,"(0.800000011920929, 0.800000011920929, 0.800000011920929)",Bind_A,TRUE,"(0.800000011920929, 0.800000011920929, 0.800000011920929)",TRUE,,,,,,,,,,,Bind_A,TRUE,,,,
,Item_Roast_11,Roasted Mighty Bananas,155,8,20,3,None,9000,0,Blunt,ShieldSurfingslipperinessDown,,"(140.0, 225.0, -15.0)","(0.16899999976158142, 0.40299999713897705, -0.03400000184774399)","(35.0, 15.0, -20.0)","(-0.09462740272283554, 0.07875046879053116, -0.20611800253391266)","(110.0, -20.0, -5.0)","(0.018997900187969208, 0.366441011428833, -0.2104550004005432)","(140.0, 225.0, -15.0)","(0.16899999976158142, 0.40299999713897705, -0.03400000184774399)",-50,-45,135,"0,1226131991","0,1264770031","0,8934924006",FALSE,,,-1,-1,Bind_A,TRUE,"(0.800000011920929, 0.800000011920929, 0.800000011920929)","(0.800000011920929, 0.800000011920929, 0.800000011920929)",Bind_A,TRUE,"(0.800000011920929, 0.800000011920929, 0.800000011920929)",Bind_A,TRUE,"(0.800000011920929, 0.800000011920929, 0.800000011920929)",TRUE,,,,,,,,,,,Bind_A,TRUE,,,,
,Item_Roast_16,Roasted Lotus Seeds,156,8,20,3,None,0,0,Blunt,ShieldSurfingslipperinessDown,,"(125.0, -100.0, -130.0)","(0.014999999664723873, 0.1589999943971634, -0.024000000208616257)","(-47.28575897216797, -1.9011050462722778, 35.490760803222656)","(0.031952809542417526, 0.10738640278577805, 0.08689770847558975)","(175.43130493164062, -186.40859985351562, -172.30740356445312)","(-0.024534519761800766, 0.15429140627384186, -0.011278189718723297)","(125.0, -100.0, -130.0)","(0.014999999664723873, 0.1589999943971634, -0.024000000208616257)","-19,57847023","-9,499674797","-71,23179626","0,005530976225","-0,01521394029","0,9671599865",FALSE,,,-1,-1,Bind_A,TRUE,"(0.800000011920929, 0.800000011920929, 0.800000011920929)","(0.800000011920929, 0.800000011920929, 0.800000011920929)",Bind_A,TRUE,"(0.800000011920929, 0.800000011920929, 0.800000011920929)",Bind_A,TRUE,"(0.800000011920929, 0.800000011920929, 0.800000011920929)",TRUE,,,,,,,,,,,Bind_A,TRUE,,,,
,Item_Roast_27,Roasted Mighty Thistle,157,8,20,2,None,0,0,Blunt,ShieldSurfingslipperinessDown,,"(0.0, 90.0, 0.0)","(0.0, -0.15000000596046448, 0.10000000149011612)","(-90.0, 90.0, 0.0)","(0.0, 0.07999999821186066, 0.0)","(0.0, 90.0, 0.0)","(0.0, 0.1599999964237213, 0.0)","(0.0, 90.0, 0.0)","(0.0, 0.0, -0.05000000074505806)",90,0,0,0,0,"1,100000024",FALSE,,,-1,-1,Bind_A,TRUE,"(0.800000011920929, 0.800000011920929, 0.800000011920929)","(0.800000011920929, 0.800000011920929, 0.800000011920929)",Bind_A,TRUE,"(0.800000011920929, 0.800000011920929, 0.800000011920929)",Bind_A,TRUE,"(0.800000011920929, 0.800000011920929, 0.800000011920929)",TRUE,,,,,,,,,,,,,,,,Pattern01
,Item_Roast_28,Roasted Armoranth,158,8,20,2,None,0,0,Blunt,ShieldSurfingslipperinessDown,,"(0.0, 90.0, 0.0)","(0.0, -0.15000000596046448, 0.10000000149011612)","(-90.0, 90.0, 0.0)","(0.0, 0.07999999821186066, 0.0)","(0.0, 90.0, 0.0)","(0.0, 0.1599999964237213, 0.0)","(0.0, 90.0, 0.0)","(0.0, 0.0, -0.05000000074505806)",90,0,0,0,0,"1,100000024",FALSE,,,-1,-1,Bind_A,TRUE,"(0.800000011920929, 0.800000011920929, 0.800000011920929)","(0.800000011920929, 0.800000011920929, 0.800000011920929)",Bind_A,TRUE,"(0.800000011920929, 0.800000011920929, 0.800000011920929)",Bind_A,TRUE,"(0.800000011920929, 0.800000011920929, 0.800000011920929)",TRUE,,,,,,,,,,,,,,,,
,Item_Roast_24,Roasted Swift Carrot,159,6,15,3,None,0,0,Blunt,ShieldSurfingslipperinessDown,,"(0.0, 180.0, -76.48200225830078)","(0.026000000536441803, 0.03856584057211876, -0.0020000000949949026)","(-85.0, -5.0, 0.0)","(-0.010283240117132664, 0.06163470819592476, -0.0008311367710120976)","(87.32599639892578, 190.98199462890625, -76.2249984741211)","(-0.014000000432133675, 0.036290738731622696, -0.010999999940395355)","(0.0, 180.0, -76.48200225830078)","(0.026000000536441803, 0.042856231331825256, -0.0020000000949949026)",180,"-3,53E-31",135,0,0,"0,8481075168",FALSE,,,-1,-1,Bind_A,TRUE,"(0.800000011920929, 0.800000011920929, 0.800000011920929)","(0.800000011920929, 0.800000011920929, 0.800000011920929)",Bind_A,TRUE,"(0.800000011920929, 0.800000011920929, 0.800000011920929)",Bind_A,TRUE,"(0.800000011920929, 0.800000011920929, 0.800000011920929)",TRUE,,,,,,,,,,,,,,,,
,Item_Roast_50,Roasted Endura Carrot,160,38,95,12,None,0,0,Blunt,ShieldSurfingslipperinessDown,,"(0.0, 90.0, 0.0)","(0.0, -0.15000000596046448, 0.10000000149011612)","(-90.0, 90.0, 0.0)","(0.0, 0.07999999821186066, 0.0)","(0.0, 90.0, 0.0)","(0.0, 0.1599999964237213, 0.0)","(0.0, 90.0, 0.0)","(0.0, 0.0, -0.05000000074505806)",90,0,0,0,0,"1,100000024",FALSE,,,-1,-1,Bind_A,TRUE,"(0.800000011920929, 0.800000011920929, 0.800000011920929)","(0.800000011920929, 0.800000011920929, 0.800000011920929)",Bind_A,TRUE,"(0.800000011920929, 0.800000011920929, 0.800000011920929)",Bind_A,TRUE,"(0.800000011920929, 0.800000011920929, 0.800000011920929)",TRUE,,,,,,,,,,,,,,,,
,Item_Roast_15,Baked Fortified Pumpkin,161,8,20,3,None,9000,0,,,,"(5.0, 180.0, -5.0)","(0.0, -0.023000000044703484, 0.0077120778150856495)","(-85.0, -5.0, 0.0)","(-0.03748591989278793, 0.21300730109214783, 0.23977769911289215)","(5.0, -90.0, -5.0)","(0.0, -0.01948055997490883, 0.009111673571169376)","(5.0, 180.0, -5.0)","(0.0, -0.023000000044703484, 0.0077120778150856495)",0,180,-35,"-0,1578038037","-0,2220997065","1,057633996",,,,-1,-1,Bind_A,TRUE,"(0.800000011920929, 0.800000011920929, 0.800000011920929)","(0.800000011920929, 0.800000011920929, 0.800000011920929)",Bind_A,TRUE,"(0.800000011920929, 0.800000011920929, 0.800000011920929)",Bind_A,TRUE,"(0.800000011920929, 0.800000011920929, 0.800000011920929)",TRUE,,,,,,,,,,,Bind_A,TRUE,,,,
,Item_Roast_55,Baked Sun Pumpkin,162,8,20,3,None,9000,0,,,,"(0.0, 0.0, 0.0)","(0.0, 0.1599999964237213, 0.0)","(-52.133541107177734, 25.413869857788086, -1.6454249620437622)","(0.0, 0.07999999821186066, 0.0)","(0.0, 0.0, 0.0)","(0.0, 0.15000000596046448, 0.0)","(0.0, 0.0, 0.0)","(0.0, 0.15000000596046448, 0.0)",0,0,0,0,0,2,,,,-1,-1,Bind_A,TRUE,"(0.800000011920929, 0.800000011920929, 0.800000011920929)","(0.800000011920929, 0.800000011920929, 0.800000011920929)",Bind_A,TRUE,"(0.800000011920929, 0.800000011920929, 0.800000011920929)",Bind_A,TRUE,"(0.800000011920929, 0.800000011920929, 0.800000011920929)",TRUE,,,,,,,,,,,Bind_A,TRUE,,,,
,Item_Roast_18,Roasted Radish,163,12,30,15,None,0,0,Blunt,ShieldSurfingslipperinessDown,,"(0.0, 90.0, 0.0)","(0.0, -0.15000000596046448, 0.10000000149011612)","(-90.0, 90.0, 0.0)","(0.0, 0.07999999821186066, 0.0)","(0.0, 90.0, 0.0)","(0.0, 0.1599999964237213, 0.0)","(0.0, 90.0, 0.0)","(0.0, 0.0, -0.05000000074505806)",90,0,0,0,0,"1,100000024",FALSE,,,-1,-1,Bind_A,TRUE,"(0.800000011920929, 0.800000011920929, 0.800000011920929)","(0.800000011920929, 0.800000011920929, 0.800000011920929)",Bind_A,TRUE,"(0.800000011920929, 0.800000011920929, 0.800000011920929)",Bind_A,TRUE,"(0.800000011920929, 0.800000011920929, 0.800000011920929)",TRUE,,,,,,,,,,,,,,,,
,Item_Roast_19,Roasted Big Radish,164,24,58,24,None,0,0,Blunt,ShieldSurfingslipperinessDown,,"(0.0, 90.0, 0.0)","(0.0, -0.15000000596046448, 0.10000000149011612)","(-90.0, 90.0, 0.0)","(0.0, 0.07999999821186066, 0.0)","(0.0, 90.0, 0.0)","(0.0, 0.1599999964237213, 0.0)","(0.0, 90.0, 0.0)","(0.0, 0.0, -0.05000000074505806)",90,0,0,0,0,"1,100000024",FALSE,,,-1,-1,Bind_A,TRUE,"(0.800000011920929, 0.800000011920929, 0.800000011920929)","(0.800000011920929, 0.800000011920929, 0.800000011920929)",Bind_A,TRUE,"(0.800000011920929, 0.800000011920929, 0.800000011920929)",Bind_A,TRUE,"(0.800000011920929, 0.800000011920929, 0.800000011920929)",TRUE,,,,,,,,,,,,,,,,
,Item_Roast_56,Toasty Skyshroom,165,3,12,2,None,0,0,Blunt,ShieldSurfingslipperinessDown,TorchNoBurning,"(0.0, 0.0, 0.0)","(0.0, 0.05999999865889549, 0.0)","(0.0, 0.0, 0.0)","(0.03200000151991844, 0.05097370967268944, 0.051928531378507614)","(0.0, 90.0, 0.0)","(0.0, 0.03999999910593033, 0.0)","(0.0, 0.0, 0.0)","(0.0, 0.03999999910593033, 0.0)",90,0,0,0,0,"0,8249999881",TRUE,,,-1,-1,Bind_A,TRUE,"(0.800000011920929, 0.800000011920929, 0.800000011920929)","(0.800000011920929, 0.800000011920929, 0.800000011920929)",Bind_A,TRUE,"(0.800000011920929, 0.800000011920929, 0.800000011920929)",Bind_A,TRUE,"(0.800000011920929, 0.800000011920929, 0.800000011920929)",TRUE,,,,,,,,,,,,,PowHammer,GuardJustEnhance,,
,Item_Roast_06,Toasty Hylian Shroom,166,3,12,3,None,0,0,Blunt,ShieldSurfingslipperinessDown,TorchNoBurning,"(0.0, 0.0, 0.0)","(-0.008999999612569809, 0.004000000189989805, 0.0010000000474974513)","(-110.0, -3.0, -158.0)","(0.03200000151991844, 0.05097370967268944, 0.051928531378507614)","(0.0, 90.0, 0.0)","(-0.0008273901767097414, 0.004999999888241291, 0.039692651480436325)","(0.0, 0.0, 0.0)","(-0.009382808580994606, 0.004000000189989805, 0.0010077320039272308)",-25,-40,-10,"-0,03746287897","-0,05925694853","0,9168667197",TRUE,,,-1,-1,Bind_A,TRUE,"(0.800000011920929, 0.800000011920929, 0.800000011920929)","(0.800000011920929, 0.800000011920929, 0.800000011920929)",Bind_A,TRUE,"(0.800000011920929, 0.800000011920929, 0.800000011920929)",Bind_A,TRUE,"(0.800000011920929, 0.800000011920929, 0.800000011920929)",TRUE,,,,,,,,,,,,,PowHammer,GuardJustEnhance,Red,
,Item_Roast_04,Toasty Stamella Shroom,167,5,13,3,None,0,0,Blunt,ShieldSurfingslipperinessDown,TorchNoBurning,"(0.0, 0.0, 0.0)","(0.0, 0.05999999865889549, 0.0)","(0.0, 0.0, 0.0)","(0.0911954864859581, 0.01568128913640976, 0.2759959101676941)","(0.0, 90.0, 0.0)","(0.0, -0.0020000000949949026, -0.050999999046325684)","(15.0, 270.0, 0.0)","(0.050999999046325684, 0.0, 0.0020000000949949026)",90,0,0,0,0,"0,8249999881",TRUE,,,-1,-1,Bind_A,TRUE,"(0.800000011920929, 0.800000011920929, 0.800000011920929)","(0.800000011920929, 0.800000011920929, 0.800000011920929)",Bind_A,TRUE,"(0.800000011920929, 0.800000011920929, 0.800000011920929)",Bind_A,TRUE,"(0.800000011920929, 0.800000011920929, 0.800000011920929)",TRUE,,,,,,,,,,,,,PowHammer,GuardJustEnhance,,
,Item_Roast_36,Toasty Rushroom,168,5,13,3,None,0,0,Blunt,ShieldSurfingslipperinessDown,TorchNoBurning,"(0.0, 0.0, 0.0)","(0.0020000000949949026, 0.0820000022649765, 0.0010000000474974513)","(0.0, 0.0, 0.0)","(0.07917895168066025, 0.09356965124607086, 0.07511934638023376)","(0.0, 90.0, 0.0)","(-0.010999999940395355, 0.0729999989271164, 0.003000000026077032)","(-15.0, 0.0, 0.0)","(0.0, 0.03999999910593033, 0.0)",90,0,0,0,0,"0,8249999881",TRUE,,,-1,-1,Bind_A,TRUE,"(0.800000011920929, 0.800000011920929, 0.800000011920929)","(0.800000011920929, 0.800000011920929, 0.800000011920929)",Bind_A,TRUE,"(0.800000011920929, 0.800000011920929, 0.800000011920929)",Bind_A,TRUE,"(0.800000011920929, 0.800000011920929, 0.800000011920929)",TRUE,,,,,,,,,,,,,PowHammer,GuardJustEnhance,,Pattern01
,Item_Roast_32,Toasty Sunshroom,169,6,15,3,None,0,0,Blunt,ShieldSurfingslipperinessDown,TorchNoBurning,"(0.0, 0.0, 0.0)","(-0.010999999940395355, 0.017999999225139618, 0.004999999888241291)","(0.0, 0.0, 0.0)","(0.0, 0.06199999898672104, 0.06694076210260391)","(0.0, 90.0, 0.0)","(-0.017000000923871994, 0.023000000044703484, 0.02800000086426735)","(0.0, 0.0, 0.0)","(0.0, 0.03999999910593033, 0.0)",90,0,0,0,0,"0,8249999881",TRUE,,,-1,-1,Bind_A,TRUE,"(0.800000011920929, 0.800000011920929, 0.800000011920929)","(0.800000011920929, 0.800000011920929, 0.800000011920929)",Bind_A,TRUE,"(0.800000011920929, 0.800000011920929, 0.800000011920929)",Bind_A,TRUE,"(0.800000011920929, 0.800000011920929, 0.800000011920929)",TRUE,,,,,,,,,,,,,PowHammer,GuardJustEnhance,,
,Item_Roast_31,Toasty Chillshroom,170,6,15,3,None,0,0,Blunt,ShieldSurfingslipperinessDown,TorchNoBurning,"(0.0, 0.0, 0.0)","(0.0, 0.05999999865889549, 0.0)","(0.0, 0.0, 0.0)","(0.0, 0.06199999898672104, 0.06700000166893005)","(0.0, 90.0, 0.0)","(-0.017000000923871994, 0.023000000044703484, 0.02800000086426735)","(0.0, 0.0, 0.0)","(0.0, 0.03999999910593033, 0.0)",90,0,0,0,0,"0,8249999881",TRUE,,,-1,-1,Bind_A,TRUE,"(0.800000011920929, 0.800000011920929, 0.800000011920929)","(0.800000011920929, 0.800000011920929, 0.800000011920929)",Bind_A,TRUE,"(0.800000011920929, 0.800000011920929, 0.800000011920929)",Bind_A,TRUE,"(0.800000011920929, 0.800000011920929, 0.800000011920929)",TRUE,,,,,,,,,,,,,PowHammer,GuardJustEnhance,,
,Item_Roast_33,Toasty Zapshroom,171,6,15,3,None,0,0,Blunt,ShieldSurfingslipperinessDown,TorchNoBurning,"(0.0, -160.0, 0.0)","(-0.010999999940395355, 0.017999999225139618, 0.004999999888241291)","(-55.0, 0.0, 0.0)","(0.0, 0.06199999898672104, 0.06700000166893005)","(0.0, -70.0, 0.0)","(-0.017000000923871994, 0.023000000044703484, 0.02800000086426735)","(0.0, -160.0, 0.0)","(-0.010999999940395355, 0.017999999225139618, 0.004999999888241291)",-170,-5,-235,0,0,"0,8090000153",TRUE,,,-1,-1,Bind_A,TRUE,"(0.800000011920929, 0.800000011920929, 0.800000011920929)","(0.800000011920929, 0.800000011920929, 0.800000011920929)",Bind_A,TRUE,"(0.800000011920929, 0.800000011920929, 0.800000011920929)",Bind_A,TRUE,"(0.800000011920929, 0.800000011920929, 0.800000011920929)",TRUE,,,,,,,,,,,,,PowHammer,GuardJustEnhance,,
,Item_Roast_37,Toasty Razorshroom,172,5,13,3,None,0,0,Blunt,ShieldSurfingslipperinessDown,TorchNoBurning,"(0.0, 0.0, 0.0)","(0.0, 0.05999999865889549, 0.0)","(0.0, 0.0, 0.0)","(0.07423914968967438, 0.11133900284767151, 0.2605574131011963)","(0.0, 90.0, 0.0)","(0.0, 0.03999999910593033, 0.0)","(0.0, 0.0, 0.0)","(0.0, 0.03999999910593033, 0.0)",90,0,0,0,0,"0,8249999881",TRUE,,,-1,-1,Bind_A,TRUE,"(0.800000011920929, 0.800000011920929, 0.800000011920929)","(0.800000011920929, 0.800000011920929, 0.800000011920929)",Bind_A,TRUE,"(0.800000011920929, 0.800000011920929, 0.800000011920929)",Bind_A,TRUE,"(0.800000011920929, 0.800000011920929, 0.800000011920929)",TRUE,,,,,,,,,,,,,PowHammer,GuardJustEnhance,,
,Item_Roast_38,Toasty Ironshroom,173,5,13,3,None,0,0,Blunt,ShieldSurfingslipperinessDown,TorchNoBurning,"(0.0, 0.0, 0.0)","(0.0, 0.05999999865889549, 0.0)","(0.0, 0.0, 0.0)","(0.08129566162824631, 0.13893009722232819, 0.15607650578022003)","(0.0, 90.0, 0.0)","(0.0, 0.03999999910593033, 0.0)","(0.0, 0.0, 0.0)","(0.0, 0.03999999910593033, 0.0)",90,0,0,0,0,"0,8249999881",TRUE,,,-1,-1,Bind_A,TRUE,"(0.800000011920929, 0.800000011920929, 0.800000011920929)","(0.800000011920929, 0.800000011920929, 0.800000011920929)",Bind_A,TRUE,"(0.800000011920929, 0.800000011920929, 0.800000011920929)",Bind_A,TRUE,"(0.800000011920929, 0.800000011920929, 0.800000011920929)",TRUE,,,,,,,,,,,,,PowHammer,GuardJustEnhance,,
,Item_Roast_39,Toasty Silent Shroom,174,3,8,3,None,0,0,Blunt,ShieldSurfingslipperinessDown,TorchNoBurning,"(-170.0, -15.0, 182.01199340820312)","(-0.01600000075995922, 0.019999999552965164, -0.0020000000949949026)","(-60.0, 11.531800270080566, 0.0)","(0.10560149699449539, 0.017035240307450294, 0.17268329858779907)","(-170.0, 165.0, 169.3070068359375)","(0.009999999776482582, 0.01899999938905239, -0.004000000189989805)","(-170.0, -15.0, 182.01199340820312)","(-0.01600000075995922, 0.019999999552965164, -0.0020000000949949026)",110,-70,"-184,8419037","-0,2121105939","0,002389010973","0,8430967927",TRUE,,,-1,-1,Bind_A,TRUE,"(0.800000011920929, 0.800000011920929, 0.800000011920929)","(0.800000011920929, 0.800000011920929, 0.800000011920929)",Bind_A,TRUE,"(0.800000011920929, 0.800000011920929, 0.800000011920929)",Bind_A,TRUE,"(0.800000011920929, 0.800000011920929, 0.800000011920929)",TRUE,,,,,,,,,,,,,PowHammer,GuardJustEnhance,,
,Item_Roast_58,Toasty Brightcap,175,5,13,3,None,0,0,Blunt,ShieldSurfingslipperinessDown,TorchNoBurning,"(0.0, 0.0, 0.0)","(0.0020000000949949026, 0.04699999839067459, -0.017000000923871994)","(-55.00981903076172, -17.00535011291504, 27.11103057861328)","(0.006353866774588823, 0.08491048961877823, 0.08232574909925461)","(-10.0, 75.0, -10.0)","(-0.012000000104308128, 0.04600000008940697, -0.004000000189989805)","(0.0, 0.0, 0.0)","(0.002037659054622054, 0.04699999839067459, -0.017000000923871994)",10,170,"-46,79407883","-0,02494760975","0,01131588966","0,9968438148",TRUE,,,-1,-1,Bind_A,TRUE,"(0.800000011920929, 0.800000011920929, 0.800000011920929)","(0.800000011920929, 0.800000011920929, 0.800000011920929)",Bind_A,TRUE,"(0.800000011920929, 0.800000011920929, 0.800000011920929)",Bind_A,TRUE,"(0.800000011920929, 0.800000011920929, 0.800000011920929)",TRUE,,,,,,,,,,,,,PowHammer,GuardJustEnhance,,
,Item_Roast_53,Toasty Endura Shroom,176,5,13,6,None,0,0,Blunt,ShieldSurfingslipperinessDown,TorchNoBurning,"(0.0, 0.0, 0.0)","(0.0, 0.05999999865889549, 0.0)","(0.0, 0.0, 0.0)","(0.0911954864859581, 0.01568128913640976, 0.2759959101676941)","(0.0, 90.0, 0.0)","(0.0, 0.03999999910593033, 0.0)","(0.0, 0.0, 0.0)","(0.0, 0.03999999910593033, 0.0)",90,0,0,0,0,"0,8249999881",TRUE,,,-1,-1,Bind_A,TRUE,"(0.800000011920929, 0.800000011920929, 0.800000011920929)","(0.800000011920929, 0.800000011920929, 0.800000011920929)",Bind_A,TRUE,"(0.800000011920929, 0.800000011920929, 0.800000011920929)",Bind_A,TRUE,"(0.800000011920929, 0.800000011920929, 0.800000011920929)",TRUE,,,,,,,,,,,,,PowHammer,GuardJustEnhance,,
,Item_Roast_05,Toasted Hearty Truffle,177,8,20,12,None,0,0,Blunt,ShieldSurfingslipperinessDown,TorchNoBurning,"(10.0, 270.0, 0.0)","(0.0, -0.0020000000949949026, -0.0020000000949949026)","(-110.0, 25.0, 250.0)","(0.014303069561719894, 0.11686660349369049, 0.10976660251617432)","(10.0, 0.0, 0.0)","(-0.0020000000949949026, -0.006000000052154064, 0.0010000000474974513)","(10.0, 270.0, 0.0)","(0.0, -0.0010257760295644403, -0.0020000000949949026)",-160,-25,-230,"-0,05801028013","-0,07348126918","1,030583978",TRUE,,,-1,-1,Bind_A,TRUE,"(0.800000011920929, 0.800000011920929, 0.800000011920929)","(0.800000011920929, 0.800000011920929, 0.800000011920929)",Bind_A,TRUE,"(0.800000011920929, 0.800000011920929, 0.800000011920929)",Bind_A,TRUE,"(0.800000011920929, 0.800000011920929, 0.800000011920929)",TRUE,,,,,,,,,,,,,PowHammer,GuardJustEnhance,,
,Item_Roast_49,Toasted Big Hearty Truffle,178,24,58,18,None,0,0,Blunt,ShieldSurfingslipperinessDown,TorchNoBurning,"(0.0, 0.0, 0.0)","(0.0, 0.05999999865889549, 0.0)","(0.0, 0.0, 0.0)","(0.0014863660326227546, 0.11681430041790009, 0.18645639717578888)","(0.0, 90.0, 0.0)","(0.0, 0.03999999910593033, 0.0)","(0.0, 0.0, 0.0)","(0.0, 0.03999999910593033, 0.0)",90,0,0,0,0,"0,8249999881",TRUE,,,-1,-1,Bind_A,TRUE,"(0.800000011920929, 0.800000011920929, 0.800000011920929)","(0.800000011920929, 0.800000011920929, 0.800000011920929)",Bind_A,TRUE,"(0.800000011920929, 0.800000011920929, 0.800000011920929)",Bind_A,TRUE,"(0.800000011920929, 0.800000011920929, 0.800000011920929)",TRUE,,,,,,,,,,,,,PowHammer,GuardJustEnhance,,
,Item_Roast_01,Seared Steak,179,12,30,6,None,0,0,,,,"(0.0, 0.0, 0.0)","(0.0, 0.0, 0.0)","(0.0, 10.0, 0.0)","(-0.007000000216066837, 0.004999999888241291, 0.014999999664723873)","(0.0, 90.0, 0.0)","(0.0, 0.0, 0.0)","(0.0, 0.0, 0.0)","(0.0, 0.0, 0.0)",90,-180,-35,"0,007000000216","-0,01499999966","0,9710000157",TRUE,,,-1,-1,Bind_A,TRUE,"(0.800000011920929, 0.800000011920929, 0.800000011920929)","(0.800000011920929, 0.800000011920929, 0.800000011920929)",Bind_A,TRUE,"(0.800000011920929, 0.800000011920929, 0.800000011920929)",Bind_A,TRUE,"(0.800000011920929, 0.800000011920929, 0.800000011920929)",TRUE,,,,,,,,,,,,,,,,
,Item_Roast_40,Seared Prime Steak,180,24,58,9,None,0,0,,,,"(0.0, 0.0, 0.0)","(0.0, 0.0, 0.0)","(-95.0, 10.0, 0.0)","(0.025773899629712105, 0.26353201270103455, 0.17410379648208618)","(0.0, 90.0, 0.0)","(0.0, 0.0, 0.0)","(0.0, 0.0, 0.0)","(0.0, 0.0, 0.0)",180,"1,13E-29",-215,"-0,09879943728","-0,122527197","1,05024302",TRUE,,,-1,-1,Bind_A,TRUE,"(0.800000011920929, 0.800000011920929, 0.800000011920929)","(0.800000011920929, 0.800000011920929, 0.800000011920929)",Bind_A,TRUE,"(0.800000011920929, 0.800000011920929, 0.800000011920929)",Bind_A,TRUE,"(0.800000011920929, 0.800000011920929, 0.800000011920929)",TRUE,"0,8000000119",TRUE,"0,8000000119",TRUE,"0,8000000119",TRUE,"0,8000000119",TRUE,,,,,,,,
,Item_Roast_45,Seared Gourmet Steak,181,35,140,18,None,900,0,,,,"(0.0, 0.0, 0.0)","(0.0, 0.0, 0.0)","(-90.0, -90.0, 90.0)","(-0.011635320261120796, 0.002210173988714814, -0.007109927944839001)","(0.0, 90.0, 0.0)","(0.0, 0.0, 0.0)","(0.0, 0.0, 0.0)","(0.0, 0.0, 0.0)",-90,0,-125,"0,09118887782","-0,03330221027","1,415335059",TRUE,,,-1,-1,Bind_A,TRUE,"(0.800000011920929, 0.800000011920929, 0.800000011920929)","(0.800000011920929, 0.800000011920929, 0.800000011920929)",Bind_A,TRUE,"(0.800000011920929, 0.800000011920929, 0.800000011920929)",Bind_A,TRUE,"(0.800000011920929, 0.800000011920929, 0.800000011920929)",TRUE,"0,8000000119",TRUE,"0,8000000119",TRUE,"0,8000000119",TRUE,"0,6800000072",TRUE,,,,,,,,
,Item_Roast_02,Roasted Bird Drumstick,182,12,30,6,None,0,0,,,,"(180.0, -90.0, 0.0)","(0.0, 0.18000000715255737, 0.0)","(0.0, 90.0, 0.0)","(0.0, 0.0, 0.0)","(180.0, 0.0, 0.0)","(0.0, 0.18000000715255737, 0.0)","(180.0, -90.0, 0.0)","(0.0, 0.18000000715255737, 0.0)",0,0,0,0,0,1,TRUE,,,-1,-1,Bind_A,TRUE,"(0.800000011920929, 0.800000011920929, 0.800000011920929)","(0.800000011920929, 0.800000011920929, 0.800000011920929)",Bind_A,TRUE,"(0.800000011920929, 0.800000011920929, 0.800000011920929)",Bind_A,TRUE,"(0.800000011920929, 0.800000011920929, 0.800000011920929)",TRUE,,,,,,,,,1,Work/Component/Blackboard/BlackboardParamTable/Attachment.engine__component__BlackboardParamTable.gyml,,,,,,
,Item_Roast_41,Roasted Bird Thigh,183,24,28,9,None,0,0,,,,"(180.0, -90.0, 0.0)","(0.0, 0.18000000715255737, 0.0)","(0.0, 90.0, 0.0)","(0.0, 0.0, 0.0)","(180.0, 0.0, 0.0)","(0.0, 0.18000000715255737, 0.0)","(180.0, -90.0, 0.0)","(0.0, 0.18000000715255737, 0.0)",0,0,0,0,0,1,TRUE,,,-1,-1,Bind_A,TRUE,"(0.800000011920929, 0.800000011920929, 0.800000011920929)","(0.800000011920929, 0.800000011920929, 0.800000011920929)",Bind_A,TRUE,"(0.800000011920929, 0.800000011920929, 0.800000011920929)",Bind_A,TRUE,"(0.800000011920929, 0.800000011920929, 0.800000011920929)",TRUE,,,,,,,,,1,Work/Component/Blackboard/BlackboardParamTable/Attachment.engine__component__BlackboardParamTable.gyml,,,,,,
,Item_Roast_46,Roasted Whole Bird,184,35,140,18,None,900,0,,,,"(180.0, -90.0, 0.0)","(0.0, 0.18000000715255737, 0.0)","(0.0, 90.0, 0.0)","(0.0, 0.0, 0.0)","(180.0, 0.0, 0.0)","(0.0, 0.18000000715255737, 0.0)","(180.0, -90.0, 0.0)","(0.0, 0.18000000715255737, 0.0)",0,0,0,0,0,1,TRUE,,,-1,-1,Bind_A,TRUE,"(0.800000011920929, 0.800000011920929, 0.800000011920929)","(0.800000011920929, 0.800000011920929, 0.800000011920929)",Bind_A,TRUE,"(0.800000011920929, 0.800000011920929, 0.800000011920929)",Bind_A,TRUE,"(0.800000011920929, 0.800000011920929, 0.800000011920929)",TRUE,"0,8000000119",TRUE,"0,8000000119",TRUE,"0,8000000119",TRUE,"0,8000000119",TRUE,1,Work/Component/Blackboard/BlackboardParamTable/Attachment.engine__component__BlackboardParamTable.gyml,,,,,,
,Item_RoastFish_16,Roasted Arowana,185,9,23,6,None,0,0,,,,"(-90.0, 0.0, 90.0)","(-0.23029109835624695, 0.11933910101652145, -0.0619695708155632)","(360.0, 90.0, 360.0)","(0.21082499623298645, 0.11700789630413055, -0.0009799652034416795)","(0.0, 0.0, 90.0)","(-0.061571091413497925, 0.11906109750270844, 0.18799999356269836)","(-90.0, 0.0, 90.0)","(-0.23029109835624695, 0.1216571033000946, -0.05729461833834648)",,,,0,0,"1,289525986",,,,-1,-1,Bind_A,TRUE,"(0.800000011920929, 0.800000011920929, 0.800000011920929)","(0.800000011920929, 0.800000011920929, 0.800000011920929)",Bind_A,TRUE,"(0.800000011920929, 0.800000011920929, 0.800000011920929)",Bind_A,TRUE,"(0.800000011920929, 0.800000011920929, 0.800000011920929)",TRUE,,,,,,,,,,,,,,,,
,Item_RoastFish_01,Roasted Bass,186,9,23,6,None,0,0,,,,"(-90.0, 0.0, 90.0)","(-0.1679999977350235, 0.0, 0.0)","(0.0, 90.0, 180.0)","(-0.16500000655651093, 0.07000000029802322, 0.0)","(0.0, 0.0, 90.0)","(0.0, 0.0, 0.17000000178813934)","(-90.0, 0.0, 90.0)","(-0.1679999977350235, 0.0, 0.0)",90,0,55,0,0,"1,700000048",,,,-1,-1,Bind_A,TRUE,"(0.800000011920929, 0.800000011920929, 0.800000011920929)","(0.800000011920929, 0.800000011920929, 0.800000011920929)",Bind_A,TRUE,"(0.800000011920929, 0.800000011920929, 0.800000011920929)",Bind_A,TRUE,"(0.800000011920929, 0.800000011920929, 0.800000011920929)",TRUE,,,,,,,,,,,,,,,,
,Item_RoastFish_03,Roasted Trout,187,9,23,6,None,9000,0,,,,"(-90.0, 0.0, 90.0)","(-0.1679999977350235, 0.0, 0.0)","(0.0, 90.0, 180.0)","(-0.16500000655651093, 0.07000000029802322, 0.0)","(0.0, 0.0, 90.0)","(0.0, 0.0, 0.17000000178813934)","(-90.0, 0.0, 90.0)","(-0.1679999977350235, 0.0, 0.0)",,,,0,0,"1,700000048",,,,-1,-1,Bind_A,TRUE,"(0.800000011920929, 0.800000011920929, 0.800000011920929)","(0.800000011920929, 0.800000011920929, 0.800000011920929)",Bind_A,TRUE,"(0.800000011920929, 0.800000011920929, 0.800000011920929)",Bind_A,TRUE,"(0.800000011920929, 0.800000011920929, 0.800000011920929)",TRUE,,,,,,,,,,,,,,,,
,Item_RoastFish_07,Roasted Carp,188,15,38,6,None,9000,0,,,,"(-90.0, 0.0, 90.0)","(-0.1679999977350235, 0.0, 0.0)","(0.0, 90.0, 180.0)","(-0.16500000655651093, 0.07000000029802322, 0.0)","(0.0, 0.0, 90.0)","(0.0, 0.0, 0.17000000178813934)","(-90.0, 0.0, 90.0)","(-0.1679999977350235, 0.0, 0.0)",,,,0,0,"1,700000048",,,,-1,-1,Bind_A,TRUE,"(0.800000011920929, 0.800000011920929, 0.800000011920929)","(0.800000011920929, 0.800000011920929, 0.800000011920929)",Bind_A,TRUE,"(0.800000011920929, 0.800000011920929, 0.800000011920929)",Bind_A,TRUE,"(0.800000011920929, 0.800000011920929, 0.800000011920929)",TRUE,,,,,,,,,,,,,,,,
,Item_RoastFish_09,Roasted Porgy,189,15,38,6,None,9000,0,,,,"(-90.0, 0.0, 90.0)","(-0.20837950706481934, 0.13724559545516968, -0.061700090765953064)","(360.0, 90.0, 360.0)","(0.14266610145568848, 0.17373709380626678, 0.04758412018418312)","(0.0, 0.0, 90.0)","(-0.06400000303983688, 0.1450234055519104, 0.2003892958164215)","(-90.0, 0.0, 90.0)","(-0.20837950706481934, 0.14364540576934814, -0.061700090765953064)",,,,"-0,05671698973","0,05586231127","1,215998054",,,,-1,-1,Bind_A,TRUE,"(0.800000011920929, 0.800000011920929, 0.800000011920929)","(0.800000011920929, 0.800000011920929, 0.800000011920929)",Bind_A,TRUE,"(0.800000011920929, 0.800000011920929, 0.800000011920929)",Bind_A,TRUE,"(0.800000011920929, 0.800000011920929, 0.800000011920929)",TRUE,,,,,,,,,,,,,,,,
,Item_RoastFish_18,Roasted Cave Fish,190,9,23,6,None,0,0,,,,"(-90.0, 0.0, 90.0)","(-0.15000000596046448, 0.12600000202655792, -0.012000000104308128)","(360.0, 90.0, 360.0)","(0.1742870956659317, 0.06633967906236649, -0.0003467313072178513)","(0.0, 0.0, 90.0)","(-0.010659639723598957, 0.13182729482650757, 0.1634289026260376)","(-90.0, 0.0, 90.0)","(-0.15000000596046448, 0.13777220249176025, -0.012000000104308128)",,,,0,0,"1,127581",,,,-1,-1,Bind_A,TRUE,"(0.800000011920929, 0.800000011920929, 0.800000011920929)","(0.800000011920929, 0.800000011920929, 0.800000011920929)",Bind_A,TRUE,"(0.800000011920929, 0.800000011920929, 0.800000011920929)",Bind_A,TRUE,"(0.800000011920929, 0.800000011920929, 0.800000011920929)",TRUE,,,,,,,,,,,,,,,,
,Item_RoastFish_02,Roasted Hearty Bass,191,12,30,12,None,0,0,,,,"(-90.0, 0.0, 90.0)","(-0.1679999977350235, 0.0, 0.0)","(0.0, 90.0, 180.0)","(-0.16500000655651093, 0.07000000029802322, 0.0)","(0.0, 0.0, 90.0)","(0.0, 0.0, 0.17000000178813934)","(-90.0, 0.0, 90.0)","(-0.1679999977350235, 0.0, 0.0)",,,,0,0,"1,700000048",,,,-1,-1,Bind_A,TRUE,"(0.800000011920929, 0.800000011920929, 0.800000011920929)","(0.800000011920929, 0.800000011920929, 0.800000011920929)",Bind_A,TRUE,"(0.800000011920929, 0.800000011920929, 0.800000011920929)",Bind_A,TRUE,"(0.800000011920929, 0.800000011920929, 0.800000011920929)",TRUE,,,,,,,,,,,,,,,,
,Item_RoastFish_04,Roasted Hearty Salmon,192,18,72,18,None,9000,0,,,,"(-90.0, 0.0, 90.0)","(-0.1679999977350235, 0.0, 0.0)","(0.0, 90.0, 180.0)","(-0.16500000655651093, 0.07000000029802322, 0.0)","(0.0, 0.0, 90.0)","(0.0, 0.0, 0.17000000178813934)","(-90.0, 0.0, 90.0)","(-0.1679999977350235, 0.0, 0.0)",,,,0,0,"1,700000048",,,,-1,-1,Bind_A,TRUE,"(0.800000011920929, 0.800000011920929, 0.800000011920929)","(0.800000011920929, 0.800000011920929, 0.800000011920929)",Bind_A,TRUE,"(0.800000011920929, 0.800000011920929, 0.800000011920929)",Bind_A,TRUE,"(0.800000011920929, 0.800000011920929, 0.800000011920929)",TRUE,,,,,,,,,,,,,,,,
,Item_RoastFish_15,Blackened Crab,193,12,30,6,None,0,0,,,,"(90.0, 0.0, -15.0)","(0.004000000189989805, 0.07500000298023224, -0.07000000029802322)","(20.615379333496094, -39.47248840332031, 171.84950256347656)","(-0.0006382202845998108, 0.21142829954624176, 0.04618882015347481)","(-30.0, 75.0, -110.0)","(-0.07528544217348099, 0.06612060964107513, 0.008543365634977818)","(90.0, 0.0, -15.0)","(0.004000000189989805, 0.0820000022649765, -0.07000000029802322)",-180,25,-180,"-0,02253831923","-0,08358649909","0,8763440847",,,,-1,-1,Bind_A,TRUE,"(0.800000011920929, 0.800000011920929, 0.800000011920929)","(0.800000011920929, 0.800000011920929, 0.800000011920929)",Bind_A,TRUE,"(0.800000011920929, 0.800000011920929, 0.800000011920929)",Bind_A,TRUE,"(0.800000011920929, 0.800000011920929, 0.800000011920929)",TRUE,,,,,,,,,,,,,,,,
,Item_RoastFish_13,Sneaky River Escargot,194,9,23,6,None,9000,0,,,,"(73.0, -84.0, -7.699999809265137)","(0.057999998331069946, 0.20000000298023224, -0.019999999552965164)","(-54.05329132080078, -17.31998062133789, -127.70980072021484)","(-0.048548679798841476, 0.22787630558013916, 0.039217300713062286)","(73.0, -84.0, -7.699999809265137)","(0.057999998331069946, 0.20000000298023224, -0.019999999552965164)","(73.0, -84.0, -7.699999809265137)","(0.057999998331069946, 0.20000000298023224, -0.019999999552965164)",154,0,0,"-0,02800000086","0,1000000015","1,149999976",,,,-1,-1,Bind_A,TRUE,"(0.800000011920929, 0.800000011920929, 0.800000011920929)","(0.800000011920929, 0.800000011920929, 0.800000011920929)",Bind_A,TRUE,"(0.800000011920929, 0.800000011920929, 0.800000011920929)",Bind_A,TRUE,"(0.800000011920929, 0.800000011920929, 0.800000011920929)",TRUE,,,,,,,,,,,,,,,,
,Item_Roast_52,Roasted Tree Nut,195,2,5,2,None,0,0,Blunt,ShieldSurfingslipperinessDown,,"(0.0, 210.0, 0.0)","(0.0, 0.0820000022649765, 0.0)","(-67.28192138671875, -11.529290199279785, -16.718639373779297)","(0.0, 0.07999999821186066, 0.0)","(0.0, 0.0, 0.0)","(0.0, 0.0820000022649765, 0.0)","(0.0, 210.0, 0.0)","(0.0, 0.0860000029206276, 0.0)",190,-15,150,0,0,"0,8861120939",FALSE,,,-1,-1,Bind_A,TRUE,"(0.800000011920929, 0.800000011920929, 0.800000011920929)","(0.800000011920929, 0.800000011920929, 0.800000011920929)",Bind_A,TRUE,"(0.800000011920929, 0.800000011920929, 0.800000011920929)",Bind_A,TRUE,"(0.800000011920929, 0.800000011920929, 0.800000011920929)",TRUE,,,,,,,,,,,Bind_A,TRUE,,,,
,Item_Roast_48,Roasted Acorn,196,2,5,2,None,0,0,Blunt,ShieldSurfingslipperinessDown,,"(-17.993999481201172, 556.8330078125, -12.942000389099121)","(0.00800000037997961, 0.11800000071525574, 0.0)","(-102.42849731445312, 9.218512535095215, -40.507938385009766)","(0.011073010042309761, 0.10064230114221573, 0.03978303074836731)","(-56.42818069458008, 651.1182861328125, 36.511260986328125)","(-0.006193111184984446, 0.11694499850273132, -0.012881379574537277)","(-17.993999481201172, 556.8330078125, -12.942000389099121)","(0.00800000037997961, 0.11800000071525574, 0.0)","166,7351074","-35,15793991","-232,4763947","-0,005448140204","0,02264630981","0,8989089131",FALSE,,,-1,-1,Bind_A,TRUE,"(0.800000011920929, 0.800000011920929, 0.800000011920929)","(0.800000011920929, 0.800000011920929, 0.800000011920929)",Bind_A,TRUE,"(0.800000011920929, 0.800000011920929, 0.800000011920929)",Bind_A,TRUE,"(0.800000011920929, 0.800000011920929, 0.800000011920929)",TRUE,,,,,,,,,,,Bind_A,TRUE,,,,
,Item_Roast_51,Campfire Egg,197,5,20,6,None,0,0,Blunt,ShieldSurfingslipperinessDown,,"(0.0, 0.0, 0.0)","(0.0, 0.0, 0.0)","(-85.0, -5.0, 0.0)","(-0.010637030005455017, 0.09462358057498932, 0.1405881941318512)","(0.0, 0.0, 0.0)","(0.0, 0.0, 0.0)","(0.0, 0.0, 0.0)","(0.0, 0.0, 0.0)",0,90,0,0,"-0,150000006","0,8999999762",FALSE,,,-1,-1,Bind_A,TRUE,"(0.800000011920929, 0.800000011920929, 0.800000011920929)","(0.800000011920929, 0.800000011920929, 0.800000011920929)",Bind_A,TRUE,"(0.800000011920929, 0.800000011920929, 0.800000011920929)",Bind_A,TRUE,"(0.800000011920929, 0.800000011920929, 0.800000011920929)",TRUE,,,,,,,,,,,,,,,,
,Item_Boiled_01,Hard-Boiled Egg,198,5,20,6,None,0,0,Blunt,ShieldSurfingslipperinessDown,ShieldSurfingNoStaggerWithDeath,"(0.0, 0.0, 0.0)","(0.0, 0.0, 0.0)","(-85.0, -5.0, 0.0)","(-0.010637030005455017, 0.09462358057498932, 0.1405881941318512)","(0.0, 0.0, 0.0)","(0.0, 0.0, 0.0)","(0.0, 0.0, 0.0)","(0.0, 0.0, 0.0)",0,90,0,0,"-0,150000006","0,8999999762",FALSE,,DeathOnAttackHit,-1,-1,Bind_A,TRUE,"(0.800000011920929, 0.800000011920929, 0.800000011920929)","(0.800000011920929, 0.800000011920929, 0.800000011920929)",Bind_A,TRUE,"(0.800000011920929, 0.800000011920929, 0.800000011920929)",Bind_A,TRUE,"(0.800000011920929, 0.800000011920929, 0.800000011920929)",TRUE,,,,,,,,,,,,,,,,
,Item_Chilled_01,Icy Meat,199,15,35,4,ResistHot,1800,1,Blunt,TorchNoBurning,ShieldSurfingslipperinessUp,"(0.0, 0.0, 0.0)","(0.0, 0.0, 0.0)","(0.0, 10.0, 0.0)","(-0.007000000216066837, 0.004999999888241291, 0.014999999664723873)","(0.0, 90.0, 0.0)","(0.0, 0.0, 0.0)","(0.0, 0.0, 0.0)","(0.0, 0.0, 0.0)",90,-180,-35,"0,007000000216","-0,01499999966","0,9710000157",TRUE,,,-1,-1,Bind_A,TRUE,"(0.800000011920929, 0.800000011920929, 0.800000011920929)","(0.800000011920929, 0.800000011920929, 0.800000011920929)",Bind_A,TRUE,"(0.800000011920929, 0.800000011920929, 0.800000011920929)",Bind_A,TRUE,"(0.800000011920929, 0.800000011920929, 0.800000011920929)",TRUE,,,,,,,,,,,,,,,,
,Item_Chilled_02,Icy Prime Meat,200,28,60,6,ResistHot,1800,1,Blunt,TorchNoBurning,ShieldSurfingslipperinessUp,"(0.0, 0.0, 0.0)","(0.0, 0.0, 0.0)","(-95.0, 10.0, 0.0)","(0.025773899629712105, 0.26353201270103455, 0.17410379648208618)","(0.0, 90.0, 0.0)","(0.0, 0.0, 0.0)","(0.0, 0.0, 0.0)","(0.0, 0.0, 0.0)",180,"1,13E-29",-215,"-0,09879943728","-0,122527197","1,05024302",TRUE,,,-1,-1,Bind_A,TRUE,"(0.800000011920929, 0.800000011920929, 0.800000011920929)","(0.800000011920929, 0.800000011920929, 0.800000011920929)",Bind_A,TRUE,"(0.800000011920929, 0.800000011920929, 0.800000011920929)",Bind_A,TRUE,"(0.800000011920929, 0.800000011920929, 0.800000011920929)",TRUE,"0,8000000119",TRUE,"0,8000000119",TRUE,"0,8000000119",TRUE,"0,8000000119",TRUE,,,,,,,,
,Item_Chilled_03,Icy Gourmet Meat,201,40,150,12,ResistHot,1800,1,,,,"(0.0, 0.0, 0.0)","(0.0, 0.0, 0.0)","(-90.0, -90.0, 90.0)","(-0.011635320261120796, 0.002210173988714814, -0.007109927944839001)","(0.0, 90.0, 0.0)","(0.0, 0.0, 0.0)","(0.0, 0.0, 0.0)","(0.0, 0.0, 0.0)",-90,0,-125,"0,09118887782","-0,03330221027","1,415335059",TRUE,,,-1,-1,Bind_A,TRUE,"(0.800000011920929, 0.800000011920929, 0.800000011920929)","(0.800000011920929, 0.800000011920929, 0.800000011920929)",Bind_A,TRUE,"(0.800000011920929, 0.800000011920929, 0.800000011920929)",Bind_A,TRUE,"(0.800000011920929, 0.800000011920929, 0.800000011920929)",TRUE,"0,8000000119",TRUE,"0,8000000119",TRUE,"0,8000000119",TRUE,"0,6800000072",TRUE,,,,,,,,
,Item_Chilled_04,Frozen Bird Dumstick,202,15,35,4,ResistHot,1800,1,,,,"(180.0, -90.0, 0.0)","(0.0, 0.18000000715255737, 0.0)","(0.0, 90.0, 0.0)","(0.0, 0.0, 0.0)","(180.0, 0.0, 0.0)","(0.0, 0.18000000715255737, 0.0)","(180.0, -90.0, 0.0)","(0.0, 0.18000000715255737, 0.0)",0,0,0,0,0,1,TRUE,,,-1,-1,Bind_A,TRUE,"(0.800000011920929, 0.800000011920929, 0.800000011920929)","(0.800000011920929, 0.800000011920929, 0.800000011920929)",Bind_A,TRUE,"(0.800000011920929, 0.800000011920929, 0.800000011920929)",Bind_A,TRUE,"(0.800000011920929, 0.800000011920929, 0.800000011920929)",TRUE,,,,,,,,,1,Work/Component/Blackboard/BlackboardParamTable/Attachment.engine__component__BlackboardParamTable.gyml,,,,,,
,Item_Chilled_05,Frozen Bird Thigh,203,28,60,6,ResistHot,1800,1,,,,"(180.0, -90.0, 0.0)","(0.0, 0.18000000715255737, 0.0)","(0.0, 90.0, 0.0)","(0.0, 0.0, 0.0)","(180.0, 0.0, 0.0)","(0.0, 0.18000000715255737, 0.0)","(180.0, -90.0, 0.0)","(0.0, 0.18000000715255737, 0.0)",0,0,0,0,0,1,TRUE,,,-1,-1,Bind_A,TRUE,"(0.800000011920929, 0.800000011920929, 0.800000011920929)","(0.800000011920929, 0.800000011920929, 0.800000011920929)",Bind_A,TRUE,"(0.800000011920929, 0.800000011920929, 0.800000011920929)",Bind_A,TRUE,"(0.800000011920929, 0.800000011920929, 0.800000011920929)",TRUE,,,,,,,,,1,Work/Component/Blackboard/BlackboardParamTable/Attachment.engine__component__BlackboardParamTable.gyml,,,,,,
,Item_Chilled_06,Frozen Whole Bird,204,40,150,12,ResistHot,1800,1,,,,"(180.0, -90.0, 0.0)","(0.0, 0.18000000715255737, 0.0)","(0.0, 90.0, 0.0)","(0.0, 0.0, 0.0)","(180.0, 0.0, 0.0)","(0.0, 0.18000000715255737, 0.0)","(180.0, -90.0, 0.0)","(0.0, 0.18000000715255737, 0.0)",0,0,0,0,0,1,TRUE,,,-1,-1,Bind_A,TRUE,"(0.800000011920929, 0.800000011920929, 0.800000011920929)","(0.800000011920929, 0.800000011920929, 0.800000011920929)",Bind_A,TRUE,"(0.800000011920929, 0.800000011920929, 0.800000011920929)",Bind_A,TRUE,"(0.800000011920929, 0.800000011920929, 0.800000011920929)",TRUE,"0,8000000119",TRUE,"0,8000000119",TRUE,"0,8000000119",TRUE,"0,8000000119",TRUE,1,Work/Component/Blackboard/BlackboardParamTable/Attachment.engine__component__BlackboardParamTable.gyml,,,,,,
,Item_ChilledFish_16,Frozen Arowana,205,14,32,8,ResistHot,1800,1,Blunt,TorchNoBurning,ShieldSurfingslipperinessUp,"(-90.0, 0.0, 90.0)","(-0.23029109835624695, 0.11933910101652145, -0.0619695708155632)","(360.0, 90.0, 360.0)","(0.21082499623298645, 0.11700789630413055, -0.0009799652034416795)","(0.0, 0.0, 90.0)","(-0.061571091413497925, 0.11906109750270844, 0.18799999356269836)","(-90.0, 0.0, 90.0)","(-0.23029109835624695, 0.1216571033000946, -0.05729461833834648)",,,,0,0,"1,289525986",,,,-1,-1,Bind_A,TRUE,"(0.800000011920929, 0.800000011920929, 0.800000011920929)","(0.800000011920929, 0.800000011920929, 0.800000011920929)",Bind_A,TRUE,"(0.800000011920929, 0.800000011920929, 0.800000011920929)",Bind_A,TRUE,"(0.800000011920929, 0.800000011920929, 0.800000011920929)",TRUE,,,,,,,,,,,,,,,,
,Item_ChilledFish_01,Frozen Bass,206,18,72,8,ResistHot,1800,1,Blunt,TorchNoBurning,ShieldSurfingslipperinessUp,"(-90.0, 0.0, 90.0)","(-0.17000000178813934, 0.10700000077486038, 2.3758769590309467e-17)","(0.0, 90.0, 180.0)","(0.11760129779577255, 0.08469393849372864, 0.00871260929852724)","(0.0, 0.0, 90.0)","(0.0, 0.11879780143499374, 0.13812890648841858)","(-90.0, 0.0, 90.0)","(-0.17000000178813934, 0.10700000077486038, 2.3758769590309467e-17)",90,0,55,0,0,"1,700000048",,,,-1,-1,Bind_A,TRUE,"(0.800000011920929, 0.800000011920929, 0.800000011920929)","(0.800000011920929, 0.800000011920929, 0.800000011920929)",Bind_A,TRUE,"(0.800000011920929, 0.800000011920929, 0.800000011920929)",Bind_A,TRUE,"(0.800000011920929, 0.800000011920929, 0.800000011920929)",TRUE,,,,,,,,,,,,,,,,
,Item_ChilledFish_03,Frozen Trout,207,10,25,4,ResistHot,1800,1,Blunt,TorchNoBurning,ShieldSurfingslipperinessUp,"(-90.0, 0.0, 90.0)","(-0.21260100603103638, 0.10143180191516876, 0.0)","(0.0, 90.0, 180.0)","(0.17201350629329681, 0.06716524064540863, 5.202040127660368e-19)","(0.0, 0.0, 90.0)","(0.0, 0.10100000351667404, 0.20499999821186066)","(-90.0, 0.0, 90.0)","(-0.21261440217494965, 0.10143180191516876, 0.0)",,,,0,0,"1,700000048",,,,-1,-1,Bind_A,TRUE,"(0.800000011920929, 0.800000011920929, 0.800000011920929)","(0.800000011920929, 0.800000011920929, 0.800000011920929)",Bind_A,TRUE,"(0.800000011920929, 0.800000011920929, 0.800000011920929)",Bind_A,TRUE,"(0.800000011920929, 0.800000011920929, 0.800000011920929)",TRUE,,,,,,,,,,,,,,,,
,Item_ChilledFish_04,Frozen Carp,208,18,40,4,ResistHot,1800,1,Blunt,TorchNoBurning,ShieldSurfingslipperinessUp,"(-90.0, 0.0, 90.0)","(-0.12800000607967377, 0.13699999451637268, -7.973577736202858e-18)","(0.0, 90.0, 180.0)","(0.16013659536838531, 0.08929084986448288, 0.005073815118521452)","(0.0, 0.0, 90.0)","(0.0, 0.1428699940443039, 0.13608120381832123)","(-90.0, 0.0, 90.0)","(-0.12800000607967377, 0.13699999451637268, 0.0)",,,,0,0,"1,700000048",,,,-1,-1,Bind_A,TRUE,"(0.800000011920929, 0.800000011920929, 0.800000011920929)","(0.800000011920929, 0.800000011920929, 0.800000011920929)",Bind_A,TRUE,"(0.800000011920929, 0.800000011920929, 0.800000011920929)",Bind_A,TRUE,"(0.800000011920929, 0.800000011920929, 0.800000011920929)",TRUE,,,,,,,,,,,,,,,,
,Item_ChilledFish_05,Frozen Porgy,209,18,40,4,ResistHot,1800,1,Blunt,TorchNoBurning,ShieldSurfingslipperinessUp,"(-90.0, 0.0, 90.0)","(-0.20837950706481934, 0.13724559545516968, -0.061700090765953064)","(360.0, 90.0, 360.0)","(0.14266610145568848, 0.17373709380626678, 0.04758412018418312)","(0.0, 0.0, 90.0)","(-0.06400000303983688, 0.1450234055519104, 0.2003892958164215)","(-90.0, 0.0, 90.0)","(-0.20837950706481934, 0.14364540576934814, -0.061700090765953064)",,,,"-0,05671698973","0,05586231127","1,215998054",,,,-1,-1,Bind_A,TRUE,"(0.800000011920929, 0.800000011920929, 0.800000011920929)","(0.800000011920929, 0.800000011920929, 0.800000011920929)",Bind_A,TRUE,"(0.800000011920929, 0.800000011920929, 0.800000011920929)",Bind_A,TRUE,"(0.800000011920929, 0.800000011920929, 0.800000011920929)",TRUE,,,,,,,,,,,,,,,,
,Item_ChilledFish_18,Frozen Cave Fish,210,14,32,8,ResistHot,1800,1,Blunt,TorchNoBurning,ShieldSurfingslipperinessUp,"(-90.0, 0.0, 90.0)","(-0.15000000596046448, 0.12600000202655792, -0.012000000104308128)","(360.0, 90.0, 360.0)","(0.1742870956659317, 0.06633967906236649, -0.0003467313072178513)","(0.0, 0.0, 90.0)","(-0.010659639723598957, 0.13182729482650757, 0.1634289026260376)","(-90.0, 0.0, 90.0)","(-0.15000000596046448, 0.13777220249176025, -0.012000000104308128)",,,,0,0,"1,127581",,,,-1,-1,Bind_A,TRUE,"(0.800000011920929, 0.800000011920929, 0.800000011920929)","(0.800000011920929, 0.800000011920929, 0.800000011920929)",Bind_A,TRUE,"(0.800000011920929, 0.800000011920929, 0.800000011920929)",Bind_A,TRUE,"(0.800000011920929, 0.800000011920929, 0.800000011920929)",TRUE,,,,,,,,,,,,,,,,
,Item_ChilledFish_06,Frozen Hearty Bass,211,18,72,8,ResistHot,1800,1,Blunt,TorchNoBurning,ShieldSurfingslipperinessUp,"(-90.0, 0.0, 90.0)","(-0.22860130667686462, 0.17138560116291046, 1.742125915278544e-18)","(0.0, 90.0, 180.0)","(0.14174270629882812, 0.11960180103778839, -0.004342605825513601)","(0.0, 0.0, 90.0)","(0.0, 0.17640799283981323, 0.2150000035762787)","(-90.0, 0.0, 90.0)","(-0.22860130667686462, 0.1698271930217743, 1.3960810064740026e-18)",,,,0,0,"1,700000048",,,,-1,-1,Bind_A,TRUE,"(0.800000011920929, 0.800000011920929, 0.800000011920929)","(0.800000011920929, 0.800000011920929, 0.800000011920929)",Bind_A,TRUE,"(0.800000011920929, 0.800000011920929, 0.800000011920929)",Bind_A,TRUE,"(0.800000011920929, 0.800000011920929, 0.800000011920929)",TRUE,,,,,,,,,,,,,,,,
,Item_ChilledFish_02,Frozen Hearty Salmon,212,20,80,16,ResistHot,1800,1,Blunt,TorchNoBurning,ShieldSurfingslipperinessUp,"(-90.0, 0.0, 90.0)","(-0.2720000147819519, 0.13300000131130219, 0.0)","(0.0, 90.0, 180.0)","(0.1767922043800354, 0.11281389743089676, 5.243183160750566e-18)","(0.0, 0.0, 90.0)","(0.0, 0.1391921043395996, 0.18199999630451202)","(-90.0, 0.0, 90.0)","(-0.2720000147819519, 0.13300000131130219, 0.0)",,,,0,0,"1,700000048",,,,-1,-1,Bind_A,TRUE,"(0.800000011920929, 0.800000011920929, 0.800000011920929)","(0.800000011920929, 0.800000011920929, 0.800000011920929)",Bind_A,TRUE,"(0.800000011920929, 0.800000011920929, 0.800000011920929)",Bind_A,TRUE,"(0.800000011920929, 0.800000011920929, 0.800000011920929)",TRUE,,,,,,,,,,,,,,,,
,Item_ChilledFish_07,Frozen Crab,213,18,72,8,ResistHot,1800,1,Blunt,TorchNoBurning,ShieldSurfingslipperinessUp,"(90.0, 0.0, -15.0)","(0.004000000189989805, 0.07500000298023224, -0.07000000029802322)","(20.615379333496094, -39.47248840332031, 171.84950256347656)","(-0.0006382202845998108, 0.21142829954624176, 0.04618882015347481)","(-30.0, 75.0, -110.0)","(-0.07528544217348099, 0.06612060964107513, 0.008543365634977818)","(90.0, 0.0, -15.0)","(0.004000000189989805, 0.0820000022649765, -0.07000000029802322)",-180,25,-180,"-0,02253831923","-0,08358649909","0,8763440847",,,,-1,-1,Bind_A,TRUE,"(0.800000011920929, 0.800000011920929, 0.800000011920929)","(0.800000011920929, 0.800000011920929, 0.800000011920929)",Bind_A,TRUE,"(0.800000011920929, 0.800000011920929, 0.800000011920929)",Bind_A,TRUE,"(0.800000011920929, 0.800000011920929, 0.800000011920929)",TRUE,,,,,,,,,,,,,,,,
,Item_ChilledFish_08,Frozen River Snail,214,10,25,4,ResistHot,1800,1,,,,"(44.00699996948242, -25.72800064086914, -21.72100067138672)","(0.055827539414167404, 0.028999999165534973, -0.09700000286102295)","(-54.05329132080078, -17.31998062133789, -127.70980072021484)","(-0.048548679798841476, 0.22787630558013916, 0.039217300713062286)","(-1.6735719442367554, 56.81399917602539, -37.525001525878906)","(-0.11142650246620178, 0.039993371814489365, -0.04699999839067459)","(44.00699996948242, -25.72800064086914, -21.72100067138672)","(0.05700000002980232, 0.028999999165534973, -0.09700000286102295)",154,0,0,"-0,02800000086","0,1000000015","1,149999976",,,,-1,-1,Bind_A,TRUE,"(0.800000011920929, 0.800000011920929, 0.800000011920929)","(0.800000011920929, 0.800000011920929, 0.800000011920929)",Bind_A,TRUE,"(0.800000011920929, 0.800000011920929, 0.800000011920929)",Bind_A,TRUE,"(0.800000011920929, 0.800000011920929, 0.800000011920929)",TRUE,,,,,,,,,,,,,,,,
,Item_ChilledFish_01_L,,,18,72,8,ResistHot,1800,1,Blunt,TorchNoBurning,ShieldSurfingslipperinessUp,"(-90.0, 0.0, 90.0)","(-0.17000000178813934, 0.10700000077486038, 2.3758769590309467e-17)","(0.0, 90.0, 180.0)","(0.11760129779577255, 0.08469393849372864, 0.00871260929852724)","(0.0, 0.0, 90.0)","(0.0, 0.11879780143499374, 0.13812890648841858)","(-90.0, 0.0, 90.0)","(-0.17000000178813934, 0.10700000077486038, 2.3758769590309467e-17)",90,0,55,0,0,"1,700000048",,,,-1,-1,Bind_A,TRUE,"(0.800000011920929, 0.800000011920929, 0.800000011920929)","(0.800000011920929, 0.800000011920929, 0.800000011920929)",Bind_A,TRUE,"(0.800000011920929, 0.800000011920929, 0.800000011920929)",Bind_A,TRUE,"(0.800000011920929, 0.800000011920929, 0.800000011920929)",TRUE,,,,,,,,,,,,,,,,
,Item_ChilledFish_03_C,,,10,25,4,ResistHot,1800,1,Blunt,TorchNoBurning,ShieldSurfingslipperinessUp,"(-90.0, 0.0, 90.0)","(-0.21260100603103638, 0.10143180191516876, 0.0)","(0.0, 90.0, 180.0)","(0.17201350629329681, 0.06716524064540863, 5.202040127660368e-19)","(0.0, 0.0, 90.0)","(0.0, 0.10100000351667404, 0.20499999821186066)","(-90.0, 0.0, 90.0)","(-0.21261440217494965, 0.10143180191516876, 0.0)",,,,0,0,"1,700000048",,,,-1,-1,Bind_A,TRUE,"(0.800000011920929, 0.800000011920929, 0.800000011920929)","(0.800000011920929, 0.800000011920929, 0.800000011920929)",Bind_A,TRUE,"(0.800000011920929, 0.800000011920929, 0.800000011920929)",Bind_A,TRUE,"(0.800000011920929, 0.800000011920929, 0.800000011920929)",TRUE,,,,,,,,,,,,,,,,
,Item_ChilledFish_03_D,,,10,25,4,ResistHot,1800,1,Blunt,TorchNoBurning,ShieldSurfingslipperinessUp,"(-90.0, 0.0, 90.0)","(-0.21260100603103638, 0.10143180191516876, 0.0)","(0.0, 90.0, 180.0)","(0.17201350629329681, 0.06716524064540863, 5.202040127660368e-19)","(0.0, 0.0, 90.0)","(0.0, 0.10100000351667404, 0.20499999821186066)","(-90.0, 0.0, 90.0)","(-0.21261440217494965, 0.10143180191516876, 0.0)",,,,0,0,"1,700000048",,,,-1,-1,Bind_A,TRUE,"(0.800000011920929, 0.800000011920929, 0.800000011920929)","(0.800000011920929, 0.800000011920929, 0.800000011920929)",Bind_A,TRUE,"(0.800000011920929, 0.800000011920929, 0.800000011920929)",Bind_A,TRUE,"(0.800000011920929, 0.800000011920929, 0.800000011920929)",TRUE,,,,,,,,,,,,,,,,
,Item_ChilledFish_03_J,,,10,25,4,ResistHot,1800,1,Blunt,TorchNoBurning,ShieldSurfingslipperinessUp,"(-90.0, 0.0, 90.0)","(-0.21260100603103638, 0.10143180191516876, 0.0)","(0.0, 90.0, 180.0)","(0.17201350629329681, 0.06716524064540863, 5.202040127660368e-19)","(0.0, 0.0, 90.0)","(0.0, 0.10100000351667404, 0.20499999821186066)","(-90.0, 0.0, 90.0)","(-0.21261440217494965, 0.10143180191516876, 0.0)",,,,0,0,"1,700000048",,,,-1,-1,Bind_A,TRUE,"(0.800000011920929, 0.800000011920929, 0.800000011920929)","(0.800000011920929, 0.800000011920929, 0.800000011920929)",Bind_A,TRUE,"(0.800000011920929, 0.800000011920929, 0.800000011920929)",Bind_A,TRUE,"(0.800000011920929, 0.800000011920929, 0.800000011920929)",TRUE,,,,,,,,,,,,,,,,
,Item_ChilledFish_04_E,,,18,40,4,ResistHot,1800,1,Blunt,TorchNoBurning,ShieldSurfingslipperinessUp,"(-90.0, 0.0, 90.0)","(-0.12800000607967377, 0.13699999451637268, -7.973577736202858e-18)","(0.0, 90.0, 180.0)","(0.16013659536838531, 0.08929084986448288, 0.005073815118521452)","(0.0, 0.0, 90.0)","(0.0, 0.1428699940443039, 0.13608120381832123)","(-90.0, 0.0, 90.0)","(-0.12800000607967377, 0.13699999451637268, 0.0)",,,,0,0,"1,700000048",,,,-1,-1,Bind_A,TRUE,"(0.800000011920929, 0.800000011920929, 0.800000011920929)","(0.800000011920929, 0.800000011920929, 0.800000011920929)",Bind_A,TRUE,"(0.800000011920929, 0.800000011920929, 0.800000011920929)",Bind_A,TRUE,"(0.800000011920929, 0.800000011920929, 0.800000011920929)",TRUE,,,,,,,,,,,,,,,,
,Item_ChilledFish_04_Z,,,18,40,4,ResistHot,1800,1,Blunt,TorchNoBurning,ShieldSurfingslipperinessUp,"(-90.0, 0.0, 90.0)","(-0.12800000607967377, 0.13699999451637268, -7.973577736202858e-18)","(0.0, 90.0, 180.0)","(0.16013659536838531, 0.08929084986448288, 0.005073815118521452)","(0.0, 0.0, 90.0)","(0.0, 0.1428699940443039, 0.13608120381832123)","(-90.0, 0.0, 90.0)","(-0.12800000607967377, 0.13699999451637268, 0.0)",,,,0,0,"1,700000048",,,,-1,-1,Bind_A,TRUE,"(0.800000011920929, 0.800000011920929, 0.800000011920929)","(0.800000011920929, 0.800000011920929, 0.800000011920929)",Bind_A,TRUE,"(0.800000011920929, 0.800000011920929, 0.800000011920929)",Bind_A,TRUE,"(0.800000011920929, 0.800000011920929, 0.800000011920929)",TRUE,,,,,,,,,,,,,,,,
,Item_ChilledFish_05_F,,,18,40,4,ResistHot,1800,1,Blunt,TorchNoBurning,ShieldSurfingslipperinessUp,"(-90.0, 0.0, 90.0)","(-0.20837950706481934, 0.13724559545516968, -0.061700090765953064)","(360.0, 90.0, 360.0)","(0.14266610145568848, 0.17373709380626678, 0.04758412018418312)","(0.0, 0.0, 90.0)","(-0.06400000303983688, 0.1450234055519104, 0.2003892958164215)","(-90.0, 0.0, 90.0)","(-0.20837950706481934, 0.14364540576934814, -0.061700090765953064)",,,,"-0,05671698973","0,05586231127","1,215998054",,,,-1,-1,Bind_A,TRUE,"(0.800000011920929, 0.800000011920929, 0.800000011920929)","(0.800000011920929, 0.800000011920929, 0.800000011920929)",Bind_A,TRUE,"(0.800000011920929, 0.800000011920929, 0.800000011920929)",Bind_A,TRUE,"(0.800000011920929, 0.800000011920929, 0.800000011920929)",TRUE,,,,,,,,,,,,,,,,
,Item_ChilledFish_07_K,,,18,72,8,ResistHot,1800,1,Blunt,TorchNoBurning,ShieldSurfingslipperinessUp,"(90.0, 0.0, -15.0)","(0.004000000189989805, 0.07500000298023224, -0.07000000029802322)","(20.615379333496094, -39.47248840332031, 171.84950256347656)","(-0.0006382202845998108, 0.21142829954624176, 0.04618882015347481)","(-30.0, 75.0, -110.0)","(-0.07528544217348099, 0.06612060964107513, 0.008543365634977818)","(90.0, 0.0, -15.0)","(0.004000000189989805, 0.0820000022649765, -0.07000000029802322)",-180,25,-180,"-0,02253831923","-0,08358649909","0,8763440847",,,,-1,-1,Bind_A,TRUE,"(0.800000011920929, 0.800000011920929, 0.800000011920929)","(0.800000011920929, 0.800000011920929, 0.800000011920929)",Bind_A,TRUE,"(0.800000011920929, 0.800000011920929, 0.800000011920929)",Bind_A,TRUE,"(0.800000011920929, 0.800000011920929, 0.800000011920929)",TRUE,,,,,,,,,,,,,,,,
,Item_ChilledFish_07_O,,,18,72,8,ResistHot,1800,1,Blunt,TorchNoBurning,ShieldSurfingslipperinessUp,"(90.0, 0.0, -15.0)","(0.004000000189989805, 0.07500000298023224, -0.07000000029802322)","(20.615379333496094, -39.47248840332031, 171.84950256347656)","(-0.0006382202845998108, 0.21142829954624176, 0.04618882015347481)","(-30.0, 75.0, -110.0)","(-0.07528544217348099, 0.06612060964107513, 0.008543365634977818)","(90.0, 0.0, -15.0)","(0.004000000189989805, 0.0820000022649765, -0.07000000029802322)",-180,25,-180,"-0,02253831923","-0,08358649909","0,8763440847",,,,-1,-1,Bind_A,TRUE,"(0.800000011920929, 0.800000011920929, 0.800000011920929)","(0.800000011920929, 0.800000011920929, 0.800000011920929)",Bind_A,TRUE,"(0.800000011920929, 0.800000011920929, 0.800000011920929)",Bind_A,TRUE,"(0.800000011920929, 0.800000011920929, 0.800000011920929)",TRUE,,,,,,,,,,,,,,,,
,Item_RoastFish_01_L,,,9,23,6,None,0,0,,,,"(-90.0, 0.0, 90.0)","(-0.1679999977350235, 0.0, 0.0)","(0.0, 90.0, 180.0)","(-0.16500000655651093, 0.07000000029802322, 0.0)","(0.0, 0.0, 90.0)","(0.0, 0.0, 0.17000000178813934)","(-90.0, 0.0, 90.0)","(-0.1679999977350235, 0.0, 0.0)",90,0,55,0,0,"1,700000048",,,,-1,-1,Bind_A,TRUE,"(0.800000011920929, 0.800000011920929, 0.800000011920929)","(0.800000011920929, 0.800000011920929, 0.800000011920929)",Bind_A,TRUE,"(0.800000011920929, 0.800000011920929, 0.800000011920929)",Bind_A,TRUE,"(0.800000011920929, 0.800000011920929, 0.800000011920929)",TRUE,,,,,,,,,,,,,,,,
,Item_RoastFish_03_C,,,9,23,6,None,9000,0,,,,"(-90.0, 0.0, 90.0)","(-0.1679999977350235, 0.0, 0.0)","(0.0, 90.0, 180.0)","(-0.16500000655651093, 0.07000000029802322, 0.0)","(0.0, 0.0, 90.0)","(0.0, 0.0, 0.17000000178813934)","(-90.0, 0.0, 90.0)","(-0.1679999977350235, 0.0, 0.0)",,,,0,0,"1,700000048",,,,-1,-1,Bind_A,TRUE,"(0.800000011920929, 0.800000011920929, 0.800000011920929)","(0.800000011920929, 0.800000011920929, 0.800000011920929)",Bind_A,TRUE,"(0.800000011920929, 0.800000011920929, 0.800000011920929)",Bind_A,TRUE,"(0.800000011920929, 0.800000011920929, 0.800000011920929)",TRUE,,,,,,,,,,,,,,,,
,Item_RoastFish_03_D,,,9,23,6,None,9000,0,,,,"(-90.0, 0.0, 90.0)","(-0.1679999977350235, 0.0, 0.0)","(0.0, 90.0, 180.0)","(-0.16500000655651093, 0.07000000029802322, 0.0)","(0.0, 0.0, 90.0)","(0.0, 0.0, 0.17000000178813934)","(-90.0, 0.0, 90.0)","(-0.1679999977350235, 0.0, 0.0)",,,,0,0,"1,700000048",,,,-1,-1,Bind_A,TRUE,"(0.800000011920929, 0.800000011920929, 0.800000011920929)","(0.800000011920929, 0.800000011920929, 0.800000011920929)",Bind_A,TRUE,"(0.800000011920929, 0.800000011920929, 0.800000011920929)",Bind_A,TRUE,"(0.800000011920929, 0.800000011920929, 0.800000011920929)",TRUE,,,,,,,,,,,,,,,,
,Item_RoastFish_03_J,,,9,23,6,None,9000,0,,,,"(-90.0, 0.0, 90.0)","(-0.1679999977350235, 0.0, 0.0)","(0.0, 90.0, 180.0)","(-0.16500000655651093, 0.07000000029802322, 0.0)","(0.0, 0.0, 90.0)","(0.0, 0.0, 0.17000000178813934)","(-90.0, 0.0, 90.0)","(-0.1679999977350235, 0.0, 0.0)",,,,0,0,"1,700000048",,,,-1,-1,Bind_A,TRUE,"(0.800000011920929, 0.800000011920929, 0.800000011920929)","(0.800000011920929, 0.800000011920929, 0.800000011920929)",Bind_A,TRUE,"(0.800000011920929, 0.800000011920929, 0.800000011920929)",Bind_A,TRUE,"(0.800000011920929, 0.800000011920929, 0.800000011920929)",TRUE,,,,,,,,,,,,,,,,
,Item_RoastFish_07_E,,,15,38,6,None,9000,0,,,,"(-90.0, 0.0, 90.0)","(-0.1679999977350235, 0.0, 0.0)","(0.0, 90.0, 180.0)","(-0.16500000655651093, 0.07000000029802322, 0.0)","(0.0, 0.0, 90.0)","(0.0, 0.0, 0.17000000178813934)","(-90.0, 0.0, 90.0)","(-0.1679999977350235, 0.0, 0.0)",,,,0,0,"1,700000048",,,,-1,-1,Bind_A,TRUE,"(0.800000011920929, 0.800000011920929, 0.800000011920929)","(0.800000011920929, 0.800000011920929, 0.800000011920929)",Bind_A,TRUE,"(0.800000011920929, 0.800000011920929, 0.800000011920929)",Bind_A,TRUE,"(0.800000011920929, 0.800000011920929, 0.800000011920929)",TRUE,,,,,,,,,,,,,,,,
,Item_RoastFish_07_Z,,,15,38,6,None,9000,0,,,,"(-90.0, 0.0, 90.0)","(-0.1679999977350235, 0.0, 0.0)","(0.0, 90.0, 180.0)","(-0.16500000655651093, 0.07000000029802322, 0.0)","(0.0, 0.0, 90.0)","(0.0, 0.0, 0.17000000178813934)","(-90.0, 0.0, 90.0)","(-0.1679999977350235, 0.0, 0.0)",,,,0,0,"1,700000048",,,,-1,-1,Bind_A,TRUE,"(0.800000011920929, 0.800000011920929, 0.800000011920929)","(0.800000011920929, 0.800000011920929, 0.800000011920929)",Bind_A,TRUE,"(0.800000011920929, 0.800000011920929, 0.800000011920929)",Bind_A,TRUE,"(0.800000011920929, 0.800000011920929, 0.800000011920929)",TRUE,,,,,,,,,,,,,,,,
,Item_RoastFish_09_F,,,15,38,6,None,9000,0,,,,"(-90.0, 0.0, 90.0)","(-0.20837950706481934, 0.13724559545516968, -0.061700090765953064)","(360.0, 90.0, 360.0)","(0.14266610145568848, 0.17373709380626678, 0.04758412018418312)","(0.0, 0.0, 90.0)","(-0.06400000303983688, 0.1450234055519104, 0.2003892958164215)","(-90.0, 0.0, 90.0)","(-0.20837950706481934, 0.14364540576934814, -0.061700090765953064)",,,,"-0,05671698973","0,05586231127","1,215998054",,,,-1,-1,Bind_A,TRUE,"(0.800000011920929, 0.800000011920929, 0.800000011920929)","(0.800000011920929, 0.800000011920929, 0.800000011920929)",Bind_A,TRUE,"(0.800000011920929, 0.800000011920929, 0.800000011920929)",Bind_A,TRUE,"(0.800000011920929, 0.800000011920929, 0.800000011920929)",TRUE,,,,,,,,,,,,,,,,
,Item_RoastFish_15_K,,,12,30,6,None,0,0,,,,"(90.0, 0.0, -15.0)","(0.004000000189989805, 0.07500000298023224, -0.07000000029802322)","(20.615379333496094, -39.47248840332031, 171.84950256347656)","(-0.0006382202845998108, 0.21142829954624176, 0.04618882015347481)","(-30.0, 75.0, -110.0)","(-0.07528544217348099, 0.06612060964107513, 0.008543365634977818)","(90.0, 0.0, -15.0)","(0.004000000189989805, 0.0820000022649765, -0.07000000029802322)",-180,25,-180,"-0,02253831923","-0,08358649909","0,8763440847",,,,-1,-1,Bind_A,TRUE,"(0.800000011920929, 0.800000011920929, 0.800000011920929)","(0.800000011920929, 0.800000011920929, 0.800000011920929)",Bind_A,TRUE,"(0.800000011920929, 0.800000011920929, 0.800000011920929)",Bind_A,TRUE,"(0.800000011920929, 0.800000011920929, 0.800000011920929)",TRUE,,,,,,,,,,,,,,,,
,Item_RoastFish_15_O,,,12,30,6,None,0,0,,,,"(90.0, 0.0, -15.0)","(0.004000000189989805, 0.07500000298023224, -0.07000000029802322)","(20.615379333496094, -39.47248840332031, 171.84950256347656)","(-0.0006382202845998108, 0.21142829954624176, 0.04618882015347481)","(-30.0, 75.0, -110.0)","(-0.07528544217348099, 0.06612060964107513, 0.008543365634977818)","(90.0, 0.0, -15.0)","(0.004000000189989805, 0.0820000022649765, -0.07000000029802322)",-180,25,-180,"-0,02253831923","-0,08358649909","0,8763440847",,,,-1,-1,Bind_A,TRUE,"(0.800000011920929, 0.800000011920929, 0.800000011920929)","(0.800000011920929, 0.800000011920929, 0.800000011920929)",Bind_A,TRUE,"(0.800000011920929, 0.800000011920929, 0.800000011920929)",Bind_A,TRUE,"(0.800000011920929, 0.800000011920929, 0.800000011920929)",TRUE,,,,,,,,,,,,,,,,